state,crop,problem,source_status,dosage_status,product_label_status,safety_status,price_status,diagnosis_status,final_status
Karnataka,Ragi,Blast / neck blast,needs_verification,needs_verification,needs_verification,needs_verification,needs_verification,not_confirmed,needs_verification
Karnataka,Sugarcane,Red rot,needs_verification,needs_verification,needs_verification,needs_verification,needs_verification,not_confirmed,needs_verification
Karnataka,Rice,Blast,needs_verification,needs_verification,needs_verification,needs_verification,needs_verification,not_confirmed,needs_verification
Kerala,Natural rubber,Abnormal leaf fall,needs_verification,needs_verification,needs_verification,needs_verification,needs_verification,not_confirmed,needs_verification
Kerala,Coconut,Root wilt / bud rot,needs_verification,needs_verification,needs_verification,needs_verification,needs_verification,not_confirmed,needs_verification
Kerala,Black pepper,Foot rot / quick wilt,needs_verification,needs_verification,needs_verification,needs_verification,needs_verification,not_confirmed,needs_verification
Tamil Nadu,Banana,Rhizome weevil / leaf spot / Fusarium context,needs_verification,needs_verification,needs_verification,needs_verification,needs_verification,not_confirmed,needs_verification
Tamil Nadu,Onion,Thrips / leaf blight complex,needs_verification,needs_verification,needs_verification,needs_verification,needs_verification,not_confirmed,needs_verification
Tamil Nadu,Rice,Yellow stem borer,needs_verification,needs_verification,needs_verification,needs_verification,needs_verification,not_confirmed,needs_verification
