state,crop,district_scope,growth_stage,problem,scientific_name,symptoms,damage,immediate_action,eco_friendly_prevention,source_id,verification_status
Karnataka,Ragi,All districts of Karnataka,"Seedling, vegetative, ear/flowering","Blast / neck blast","Magnaporthe oryzae","Spindle-shaped leaf spots with grey centres and reddish-brown borders; neck browning; ear head dries before grain filling","Grain loss, lodging, drying of ear heads, possible crop failure","Scout field; remove severely affected material; avoid excess nitrogen; improve airflow","Disease-free/treated seed; spacing; sanitation; balanced nutrition",KA-RAGI-BLAST-01,needs_verification
Karnataka,Sugarcane,All districts of Karnataka,"Sett, tillering to maturity",Red rot,"Colletotrichum falcatum","Yellowing from leaf tips; red internal stalk tissue with white cross patches; sour/alcoholic smell; shrinking internodes","Reduced cane yield and sugar recovery; stool drying","Uproot affected clumps; avoid ratooning infected fields; rotate crops","Healthy setts; resistant varieties; sett treatment; hot-water/steam treatment where officially advised",KA-SUGARCANE-01,needs_verification
Karnataka,Rice,All districts of Karnataka,"Seedling to heading / panicle",Blast,"Magnaporthe oryzae","Spindle-shaped lesions; black/brown neck; broken or hanging panicles; black nodes","Incomplete grain filling, panicle breakage, lodging, chaffy grains","Scout after rain; remove infected debris; avoid excess nitrogen; improve drainage","Treated seed; tolerant varieties; spacing; balanced nutrition; remove volunteer hosts",KA-RICE-BLAST-01,needs_verification
Kerala,Natural rubber,All rubber-growing districts of Kerala,"Young leaves, shoots, mature trees during rainy season",Abnormal leaf fall,"Phytophthora palmivora / P. meadii","Dark petiole lesions with latex coagulum; grey leaf spots; premature leaf fall; shoot and fruit rot","Defoliation, reduced photosynthesis and latex yield","Monitor before monsoon; collect infected leaves where feasible; improve drainage","Pre-monsoon approved protection; balanced nutrition; shade management; tolerant clones",KL-RUBBER-01,needs_verification
Kerala,Coconut,All districts of Kerala,"All stages, especially bearing palms",Root wilt / bud rot differential,"Phytoplasma for root wilt; bud-rot diagnosis requires confirmation","Root wilt: flaccid ribbed leaflets, yellowing, marginal necrosis, cup-like fronds; bud rot: spindle rot and foul smell","Yield decline, unproductive palms, or palm death if the growing point rots","Improve drainage; soil-test-based nutrition; consult expert before removing or treating palms","Organic manure, balanced nutrition, green manure, sanitation",KL-COCONUT-01,needs_verification
Kerala,Black pepper,All pepper-growing districts of Kerala,"All stages, especially rainy season",Foot rot / quick wilt,"Phytophthora capsici / P. palmivora","Sudden wilt; collar rot; blackening and dropping leaves/spikes; possible white mycelium","Rapid vine death and severe yield loss","Improve drainage; remove severely affected vines; protect collar","Premonsoon approved protection; Trichoderma-enriched organic matter; healthy planting material",KL-PEPPER-01,needs_verification
Tamil Nadu,Banana,All banana-growing districts of Tamil Nadu,"Planting to bunch development",Rhizome weevil / banana weevil,"Yellowing and wilting; tunnels and black galleries in corm; poor bunch development; grubs/adults in rhizome","Weak plants, lower yield, toppling, secondary rot","Use healthy sword suckers; destroy infested rhizomes; avoid continuous monoculture","Clean planting material; sanitation; neem cake or approved biological practices",TN-BANANA-01,needs_verification
Tamil Nadu,Onion,All onion-growing districts of Tamil Nadu,"Vegetative to bulb development",Thrips and associated leaf-disease complex,"Silvery streaks; curled/brown leaves; stunting; reduced bulb size; purple lesions indicate possible purple blotch","Yield and bulb-quality loss; increased disease susceptibility","Monitor; remove severely infested foliage; avoid excess nitrogen; maintain irrigation","Reflective mulch/sticky traps; neem-based options; sanitation; balanced nutrition",TN-ONION-01,needs_verification
Tamil Nadu,Rice,All districts of Tamil Nadu,"Tillering to panicle",Yellow stem borer,"Scirpophaga incertulas","Dead hearts; white ears; bore holes and frass; larvae in stems","Loss of tillers and grain; severe yield reduction","Monitor traps; remove stubbles; avoid excess nitrogen","Trichogramma where officially advised; sanitation; tolerant varieties",TN-RICE-01,needs_verification
