source_id,state,crop,problem,source_institution,document_or_package,source_url,pdf_or_document_link,page,source_access_date,relevant_recommendation,verification_status
KA-RAGI-BLAST-01,Karnataka,Ragi,Blast / neck blast,"University of Agricultural Sciences Bengaluru","Package of Practices (2023 updated edition)",https://rawe2020.in/2020/06/24/pop/,Not publicly free full PDF,Not available,2026-09-25,"Maintain spacing and airflow; the submitted document also records seed-treatment and foliar-treatment claims that require current-label verification.",needs_verification
KA-SUGARCANE-01,Karnataka,Sugarcane,Red rot / borers,"University of Agricultural Sciences Bengaluru","Package of Practices - Commercial Crops / Sugarcane",https://rawe2020.in/2020/06/24/pop/,Not publicly free full PDF,Not available,2026-09-25,"Follow recommended sett treatment, spacing, nutrition, and plant-protection schedule; verify all chemical rates against labels.",needs_verification
KA-RICE-BLAST-01,Karnataka,Rice / Paddy,Blast / brown spot / stem borer,"University of Agricultural Sciences Bengaluru","Package of Practices - Paddy",https://rawe2020.in/2020/06/24/pop/,Not publicly free full PDF,Not available,2026-09-25,"Use balanced nutrition and water management; verify disease-specific chemical rates and crop approval.",needs_verification
KL-RUBBER-01,Kerala,Natural rubber,Abnormal leaf fall / Phytophthora leaf disease,"Kerala Agricultural University / Rubber Research Institute of India","Package of Practices Recommendations: Crops (2016) and rubber guidance",https://kau.in/book/package-practices-recommendations-crops,https://keralaagriculture.gov.in/wp-content/uploads/2021/04/pop2016.pdf,"Rubber section, approximately p. 81 onward",2026-09-25,"Maintain drainage and monitor before monsoon; verify current Rubber Board spray guidance, tapping restriction, and product label.",needs_verification
KL-COCONUT-01,Kerala,Coconut,Root wilt / bud rot differential,"Kerala Agricultural University / ICAR-CPCRI","Package of Practices Recommendations: Crops (2016) and CPCRI crop-protection guidance",https://kau.in/book/package-practices-recommendations-crops,https://cpcri.gov.in/page/article/researchachievements_crop_protection,"Coconut section, approximately p. 96 onward",2026-09-25,"Confirm root wilt versus bud rot before treatment; CPCRI provides bud-rot protocols, but current label and climbing-safety checks remain required.",needs_verification
KL-PEPPER-01,Kerala,Black pepper,Foot rot / quick wilt,"Kerala Agricultural University / ICAR-Indian Institute of Spices Research","Package of Practices Recommendations: Crops (2016)",https://kau.in/sites/default/files/documents/pop2016.pdf,https://spices.res.in/,"Black pepper section, approximately p. 136 onward",2026-09-25,"Maintain drainage and use approved preventive practices; verify all fungicide and biocontrol rates.",needs_verification
TN-BANANA-01,Tamil Nadu,Banana,Rhizome weevil / banana weevil,"Tamil Nadu Agricultural University","Crop Production Guide - Horticulture 2020 / Banana Expert System",https://agritech.tnau.ac.in/horticulture/horti_fruits_banana.html,https://agritech.tnau.ac.in/pdf/HORTICULTURE.pdf,"Banana section",2026-09-25,"Use clean planting material and sanitation; verify any treatment against the current label.",needs_verification
TN-ONION-01,Tamil Nadu,Onion,Thrips and associated leaf-disease complex,"Tamil Nadu Agricultural University / ICAR-DOGR","Crop Production Guide and recent crop-protection compilations",https://agritech.tnau.ac.in/,https://dogr.res.in/,"Not available",2026-09-25,"Use integrated pest management; verify disease identity, mixture approval, dose, and PHI.",needs_verification
TN-RICE-01,Tamil Nadu,Rice,Yellow stem borer,"Tamil Nadu Agricultural University / ICAR-IIRR","Crop Production Guide - Agriculture 2020",https://tnau.ac.in/site/research/wp-content/uploads/sites/60/2020/02/Agriculture-CPG-2020.pdf,https://icar-iirr.org/,"Rice section starts at p. 1",2026-09-25,"Use monitoring, sanitation, and threshold-based treatment; verify product, dose, water volume, and PHI.",needs_verification
